Ranking,Profile,Followings,Followers,Description
1,ØªØ¬Ù…Ø¹ Ø§Ù„Ù…Ù‡Ù†ÙŠÙŠÙ† Ø§Ù„Ø³ÙˆØ¯Ø§Ù†ÙŠÙŠÙ† (@AssociationSd),15,293593,"PeriÃ³dico lÃ­der en Puerto Rico con enfoque en entretenimiento, deportes, y noticias desde un punto de vista boricua."
2,Mohamed Salih (@MohamedMOSalih),3244,133103,"PeriÃ³dico lÃ­der en Puerto Rico con enfoque en entretenimiento, deportes, y noticias desde un punto de vista boricua."
3,Dr Salah Al Bander (@SAlBander),687,58230,"PeriÃ³dico lÃ­der en Puerto Rico con enfoque en entretenimiento, deportes, y noticias desde un punto de vista boricua."
4,ZainSudan (@ZainSudan),13,53736,"PeriÃ³dico lÃ­der en Puerto Rico con enfoque en entretenimiento, deportes, y noticias desde un punto de vista boricua."
5,SUDANI (@Sudani_sd),6,49091,"PeriÃ³dico lÃ­der en Puerto Rico con enfoque en entretenimiento, deportes, y noticias desde un punto de vista boricua."
6,Pinky Mirror (@pinkymirror),689,26198,"PeriÃ³dico lÃ­der en Puerto Rico con enfoque en entretenimiento, deportes, y noticias desde un punto de vista boricua."
7,Zeinab Badawi (@TheZeinabBadawi),268,23818,"PeriÃ³dico lÃ­der en Puerto Rico con enfoque en entretenimiento, deportes, y noticias desde un punto de vista boricua."
8,MTN Sudan (@MTNSudan1),8,21318,"PeriÃ³dico lÃ­der en Puerto Rico con enfoque en entretenimiento, deportes, y noticias desde un punto de vista boricua."
9,UK in Sudan ğŸ‡¬ğŸ‡§ (@UKinSudan),176,16993,"PeriÃ³dico lÃ­der en Puerto Rico con enfoque en entretenimiento, deportes, y noticias desde un punto de vista boricua."
10,Ø¹Ø«Ù…Ø§Ù† Ø°ÙˆØ§Ù„Ù†ÙˆÙ† (@oszezu),10,16318,"PeriÃ³dico lÃ­der en Puerto Rico con enfoque en entretenimiento, deportes, y noticias desde un punto de vista boricua."
11,Ø¯.ØºØ§Ø²ÙŠ ØµÙ„Ø§Ø­ Ø§Ù„Ø¯ÙŠÙ† (@gsmatabani),20,14520,"PeriÃ³dico lÃ­der en Puerto Rico con enfoque en entretenimiento, deportes, y noticias desde un punto de vista boricua."
12,Ø£Ø­Ù…Ø¯ Ø³Ø¨Ù‰ (@Ahmedsabbe),15468,12947,"PeriÃ³dico lÃ­der en Puerto Rico con enfoque en entretenimiento, deportes, y noticias desde un punto de vista boricua."
13,EUROPEAN UNION IN SUDAN (@EU_SUDAN),261,12450,"PeriÃ³dico lÃ­der en Puerto Rico con enfoque en entretenimiento, deportes, y noticias desde un punto de vista boricua."
14,AlSalamRotana (@AlSalamRotana),7015,8498,"PeriÃ³dico lÃ­der en Puerto Rico con enfoque en entretenimiento, deportes, y noticias desde un punto de vista boricua."
15,Ø­Ø§Ø±Ø« (@harthinho),703,6744,"PeriÃ³dico lÃ­der en Puerto Rico con enfoque en entretenimiento, deportes, y noticias desde un punto de vista boricua."
16,Sudatel (@SudatelGroup),5,3135,"PeriÃ³dico lÃ­der en Puerto Rico con enfoque en entretenimiento, deportes, y noticias desde un punto de vista boricua."
17,Capital Radio 91.6 FM (@Capital916FM),199,3092,"PeriÃ³dico lÃ­der en Puerto Rico con enfoque en entretenimiento, deportes, y noticias desde un punto de vista boricua."
18,Hala96FM (@radiohala96fm),788,2618,"PeriÃ³dico lÃ­der en Puerto Rico con enfoque en entretenimiento, deportes, y noticias desde un punto de vista boricua."
19,TECNO Mobile Sudan (@TECNOMobilesd),16,2299,"PeriÃ³dico lÃ­der en Puerto Rico con enfoque en entretenimiento, deportes, y noticias desde un punto de vista boricua."
20,MTN Sudan (@MTNSudan),0,1608,"PeriÃ³dico lÃ­der en Puerto Rico con enfoque en entretenimiento, deportes, y noticias desde un punto de vista boricua."
21,Adil Abdel Aati (@abdelaati),1159,1568,"PeriÃ³dico lÃ­der en Puerto Rico con enfoque en entretenimiento, deportes, y noticias desde un punto de vista boricua."
22,Aywa.sd (@AywaSd),6,1263,"PeriÃ³dico lÃ­der en Puerto Rico con enfoque en entretenimiento, deportes, y noticias desde un punto de vista boricua."
23,Sudanjob.net (@Sudanjob),253,1017,"PeriÃ³dico lÃ­der en Puerto Rico con enfoque en entretenimiento, deportes, y noticias desde un punto de vista boricua."
24,Ø§Ø¨ÙˆØ¨ÙƒØ± Ø§Ù„Ø¨Ø¯Ø±ÙŠ (@AbubakrBadri),1665,918,"PeriÃ³dico lÃ­der en Puerto Rico con enfoque en entretenimiento, deportes, y noticias desde un punto de vista boricua."
25,Elsir Ali Saad (PhD) (@DrElsir),2474,811,"PeriÃ³dico lÃ­der en Puerto Rico con enfoque en entretenimiento, deportes, y noticias desde un punto de vista boricua."
26,sudanolympic (@sudanolympic56),62,336,"PeriÃ³dico lÃ­der en Puerto Rico con enfoque en entretenimiento, deportes, y noticias desde un punto de vista boricua."
27,Kindle Solutions (@KindleSolutions),0,109,"PeriÃ³dico lÃ­der en Puerto Rico con enfoque en entretenimiento, deportes, y noticias desde un punto de vista boricua."
28,Al Borg Laboratories (@AlBorgSudan),7,44,"PeriÃ³dico lÃ­der en Puerto Rico con enfoque en entretenimiento, deportes, y noticias desde un punto de vista boricua."
29,Tulip Inn Juba Hotel (@TulipInnJuba),247,30,"PeriÃ³dico lÃ­der en Puerto Rico con enfoque en entretenimiento, deportes, y noticias desde un punto de vista boricua."
